{
  "bpm": 117.45383522727273,
  "beat_times": [
    0.11609977324263039,
    0.6965986394557823,
    1.253877551020408,
    1.7647165532879818,
    2.3219954648526078,
    2.809614512471655,
    3.3436734693877552,
    3.8545124716553287,
    4.388571428571429,
    4.899410430839002,
    5.433469387755102,
    5.944308390022676,
    6.501587301587302,
    6.989206349206349,
    7.523265306122449,
    8.034104308390022,
    8.544943310657596,
    9.079002267573696,
    9.58984126984127,
    10.100680272108843,
    10.65795918367347,
    11.168798185941043,
    11.679637188208616,
    12.19047619047619,
    12.747755102040816,
    13.235374149659863,
    13.769433106575963,
    14.280272108843537,
    14.837551020408164,
    15.32517006802721,
    15.85922902494331,
    16.370068027210884,
    16.904126984126986,
    17.41496598639456,
    17.949024943310658,
    18.45986394557823,
    18.99392290249433,
    19.504761904761907,
    20.01560090702948,
    20.54965986394558,
    21.060498866213152,
    21.571337868480725,
    22.105396825396827,
    22.6162358276644,
    23.1502947845805,
    23.684353741496597,
    24.2184126984127,
    24.729251700680273,
    25.240090702947846,
    25.75092970521542,
    26.261768707482993,
    26.79582766439909,
    27.329886621315193,
    27.86394557823129,
    28.374784580498865,
    28.88562358276644,
    29.41968253968254,
    29.930521541950114,
    30.464580498866212,
    30.975419501133786,
    31.509478458049887,
    32.04353741496599,
    32.55437641723356,
    33.065215419501136,
    33.599274376417235,
    34.11011337868481,
    34.644172335600906,
    35.15501133786848,
    35.68907029478458,
    36.19990929705215,
    36.73396825396826,
    37.24480725623583,
    37.755646258503404,
    38.2897052154195,
    38.8237641723356,
    39.3578231292517,
    39.86866213151927,
    40.379501133786846,
    40.91356009070295,
    41.424399092970525,
    41.95845804988662,
    42.4692970521542,
    43.003356009070295,
    43.51419501133787,
    44.04825396825397,
    44.55909297052154,
    45.069931972789114,
    45.60399092970521,
    46.11482993197279,
    46.64888888888889,
    47.159727891156464,
    47.67056689342404,
    48.204625850340136,
    48.738684807256234,
    49.24952380952381,
    49.76036281179138,
    50.29442176870748,
    50.80526077097505,
    51.33931972789116,
    51.85015873015873,
    52.38421768707483,
    52.895056689342404,
    53.40589569160998,
    53.939954648526076,
    54.474013605442174,
    54.98485260770975,
    55.51891156462585,
    56.029750566893426,
    56.540589569161,
    57.0746485260771,
    57.608707482993196,
    58.11954648526077,
    58.63038548752834,
    59.16444444444444,
    59.675283446712015,
    60.18612244897959,
    60.720181405895694,
    61.25424036281179,
    61.765079365079366,
    62.27591836734694,
    62.80997732426304,
    63.32081632653061,
    63.85487528344671,
    64.36571428571429,
    64.89977324263039,
    65.41061224489796,
    65.94467120181406,
    66.45551020408163,
    66.98956916099773,
    67.5004081632653,
    68.0344671201814,
    68.54530612244898,
    69.07936507936508,
    69.59020408163265,
    70.12426303854875,
    70.63510204081632,
    71.16916099773243,
    71.68,
    72.2140589569161,
    72.72489795918368,
    73.25895691609978,
    73.76979591836735,
    74.30385487528345,
    74.83791383219955,
    75.34875283446712,
    75.8595918367347,
    76.37043083900227,
    76.90448979591837,
    77.41532879818594,
    77.92616780045351,
    78.46022675736961,
    78.97106575963718,
    79.50512471655328,
    80.01596371882086,
    80.55002267573695,
    81.06086167800453,
    81.59492063492064,
    82.12897959183674,
    82.63981859410431,
    83.15065759637189,
    83.68471655328798,
    84.19555555555556,
    84.72961451247166,
    85.24045351473923,
    85.77451247165533,
    86.2853514739229,
    86.819410430839,
    87.33024943310657,
    87.86430839002267,
    88.37514739229024,
    88.90920634920634,
    89.42004535147392,
    89.93088435374149,
    90.44172335600906,
    90.9990022675737,
    91.50984126984127,
    92.02068027210885,
    92.53151927437642,
    93.06557823129252,
    93.5764172335601,
    94.11047619047619,
    94.62131519274377,
    95.15537414965986,
    95.68943310657596,
    96.20027210884354,
    96.73433106575963,
    97.2451700680272,
    97.75600907029478,
    98.29006802721088,
    98.80090702947845,
    99.33496598639456,
    99.84580498866214,
    100.37986394557824,
    100.91392290249433,
    101.42476190476191,
    101.93560090702948,
    102.46965986394558,
    102.98049886621315,
    103.51455782312925,
    104.02539682539683,
    104.55945578231292,
    105.0702947845805,
    105.6043537414966,
    106.11519274376417,
    106.62603174603174,
    107.16009070294784,
    107.69414965986394,
    108.20498866213151,
    108.73904761904762,
    109.2498866213152,
    109.7839455782313,
    110.29478458049887,
    110.82884353741497,
    111.33968253968254,
    111.87374149659864,
    112.38458049886621,
    112.91863945578231,
    113.42947845804989,
    113.94031746031746,
    114.47437641723356,
    115.00843537414966,
    115.51927437641723,
    116.0301133786848,
    116.54095238095238,
    117.07501133786847,
    117.60907029478459,
    118.11990929705216,
    118.65396825396826,
    119.16480725623583,
    119.6756462585034,
    120.2097052154195,
    120.72054421768708,
    121.25460317460318,
    121.76544217687075,
    122.27628117913832,
    122.81034013605442,
    123.34439909297052,
    123.8552380952381,
    124.36607709750567,
    124.90013605442176,
    125.41097505668934,
    125.94503401360544,
    126.47909297052155,
    126.98993197278912,
    127.52399092970522,
    128.03482993197278,
    128.54566893424035,
    129.07972789115647,
    129.61378684807255,
    130.12462585034012,
    130.65868480725624,
    131.1695238095238,
    131.68036281179138,
    132.2144217687075,
    132.72526077097507,
    133.23609977324264,
    133.77015873015873,
    134.30421768707484,
    134.8150566893424,
    135.32589569161,
    135.85995464852607,
    136.37079365079364,
    136.90485260770976,
    137.41569160997733,
    137.9497505668934,
    138.460589569161,
    138.9946485260771,
    139.50548752834467,
    140.03954648526076,
    140.55038548752833,
    141.08444444444444,
    141.59528344671202,
    142.12934240362813,
    142.6401814058957,
    143.1742403628118,
    143.68507936507936,
    144.19591836734693,
    144.72997732426305,
    145.26403628117913,
    145.7748752834467,
    146.30893424036282,
    146.8197732426304,
    147.33061224489796,
    147.84145124716554,
    148.37551020408162,
    148.90956916099773,
    149.4204081632653,
    149.95446712018142,
    150.465306122449,
    150.99936507936508,
    151.51020408163265,
    152.02104308390022,
    152.55510204081634,
    153.0659410430839,
    153.6,
    154.11083900226757,
    154.64489795918368,
    155.15573696145125,
    155.68979591836734,
    156.2006349206349,
    156.73469387755102,
    157.2455328798186,
    157.75637188208617,
    158.29043083900225,
    158.82448979591837,
    159.33532879818594,
    159.86938775510205,
    160.38022675736963,
    160.9142857142857,
    161.42512471655328,
    161.9591836734694,
    162.47002267573697,
    163.00408163265305,
    163.51492063492063,
    164.04897959183674,
    164.5598185941043,
    165.0938775510204,
    165.60471655328797,
    166.11555555555555,
    166.62639455782312,
    167.16045351473923,
    167.69451247165532,
    168.2053514739229,
    168.739410430839,
    169.25024943310657,
    169.7843083900227,
    170.29514739229026,
    170.80598639455783,
    171.34004535147392,
    171.8508843537415,
    172.3849433106576,
    172.89578231292518,
    173.42984126984126,
    173.94068027210884,
    174.47473922902495,
    174.98557823129252,
    175.5196371882086,
    176.03047619047618,
    176.5645351473923,
    177.07537414965986,
